n_sample,n_network,n_rdds,n_rdda_attractors,t_find_attractors_method,n_pair_attractors,t_comp_paris_method,n_attractor_fields,t_optimized_method
1,1,3,43,1.4066479206085205,569,0.1392652988433838,25,0.2440352439880371
1,2,4,34,0.6038179397583008,314,0.06618642807006836,15,0.15338897705078125
1,3,5,75,1.0386905670166016,730,0.18538928031921387,64,1.2454519271850586
1,4,6,82,1.2446081638336182,952,0.22551250457763672,136,46.518452882766724
1,5,7,66,1.330019474029541,631,0.1557765007019043,226,24.804027795791626
1,6,8,78,1.4422950744628906,575,0.14987754821777344,1044,2.616250514984131
1,7,9,65,1.3307361602783203,420,0.11448502540588379,48,10.754483938217163
1,8,10,100,1.5345733165740967,852,0.2617838382720947,132,4509.338345050812
2,1,3,15,0.4064328670501709,66,0.02664804458618164,2,0.004534482955932617
2,2,4,37,0.7115132808685303,304,0.08707547187805176,13,0.14285755157470703
2,3,5,68,1.1685831546783447,772,0.2111814022064209,168,1.5467724800109863
2,4,6,60,1.0240075588226318,512,0.12442564964294434,48,0.7943124771118164
2,5,7,50,1.0702168941497803,338,0.08890867233276367,14,1.2669458389282227
2,6,8,75,1.4814214706420898,494,0.1318509578704834,100,4.543903589248657
2,7,9,72,1.5604047775268555,473,0.14712095260620117,0,0.01448822021484375
2,8,10,102,1.8283123970031738,943,0.24855399131774902,2591,164.77318692207336
3,1,3,30,0.5276105403900146,260,0.0793759822845459,7,0.044309377670288086
3,2,4,34,0.7383079528808594,277,0.06603717803955078,13,0.11733770370483398
3,3,5,39,0.857835054397583,260,0.06576132774353027,15,0.23038911819458008
3,4,6,97,1.5888798236846924,1208,0.2726778984069824,566,16.618756532669067
3,5,7,72,1.3209786415100098,732,0.18120980262756348,58,9.145459413528442
3,6,8,76,1.5186340808868408,676,0.18979692459106445,68,6.026554346084595
3,7,9,93,1.6526587009429932,802,0.22027039527893066,96,7.3169944286346436
3,8,10,76,1.5999672412872314,486,0.13748812675476074,68,1.3266119956970215
4,1,3,31,0.5859417915344238,288,0.06998276710510254,10,0.03469204902648926
4,2,4,49,0.7879147529602051,334,0.09192109107971191,8,0.046916961669921875
4,3,5,52,0.8390350341796875,505,0.12105679512023926,35,0.5495638847351074
4,4,6,75,1.262484073638916,933,0.23654699325561523,174,4.4730260372161865
4,5,7,99,1.6304569244384766,754,0.2759895324707031,196,12.151200532913208
4,6,8,96,1.601698398590088,1066,0.2823927402496338,1284,65.67243218421936
4,7,9,76,1.461029291152954,650,0.17011332511901855,24,4.5595269203186035
4,8,10,108,2.0121006965637207,1217,0.34340906143188477,856,254.91902041435242
5,1,3,47,0.8025407791137695,578,0.13741588592529297,25,0.1914520263671875
5,2,4,36,0.7353343963623047,246,0.08646035194396973,5,0.08029437065124512
5,3,5,90,1.39638352394104,1360,0.3494856357574463,464,34.740424394607544
5,4,6,60,1.0473988056182861,521,0.1269233226776123,88,3.420283555984497
5,5,7,74,1.4192662239074707,808,0.23812508583068848,100,3.342439651489258
5,6,8,95,1.615964651107788,1186,0.29378175735473633,982,82.1963484287262
5,7,9,69,1.479787826538086,508,0.14867329597473145,56,6.666044235229492
5,8,10,88,1.6407268047332764,700,0.18202900886535645,0,0.04846930503845215
6,1,3,61,0.9173979759216309,1019,0.24694228172302246,34,0.6923229694366455
6,2,4,34,0.7694785594940186,303,0.07915329933166504,11,0.08515262603759766
6,3,5,40,0.8813483715057373,288,0.07436490058898926,17,0.213792085647583
6,4,6,58,1.0407588481903076,470,0.12323451042175293,11,1.0067603588104248
6,5,7,67,1.3183717727661133,555,0.14670085906982422,48,4.984110355377197
6,6,8,71,1.4718072414398193,493,0.14949893951416016,67,0.7121541500091553
6,7,9,85,1.470750093460083,692,0.1803898811340332,280,5.1203696727752686
6,8,10,97,1.9390597343444824,916,0.2788810729980469,0,0.019262313842773438
7,1,3,19,0.39717912673950195,118,0.035564422607421875,6,0.009734153747558594
7,2,4,51,0.8347406387329102,515,0.1186528205871582,84,1.2127113342285156
7,3,5,39,0.7441911697387695,271,0.0749046802520752,7,0.07954573631286621
7,4,6,59,1.0227563381195068,483,0.1191248893737793,33,2.772020101547241
7,5,7,81,1.434159755706787,830,0.19614577293395996,636,40.52955484390259
7,6,8,74,1.368431568145752,464,0.1477370262145996,70,6.4614784717559814
7,7,9,99,1.7608375549316406,802,0.2511568069458008,0,0.010365724563598633
7,8,10,86,1.6650841236114502,552,0.1698591709136963,0,0.009422063827514648
8,1,3,43,0.6987812519073486,459,0.1392383575439453,14,0.10524201393127441
8,2,4,53,0.8495790958404541,642,0.16460561752319336,95,0.2176802158355713
8,3,5,61,0.9973721504211426,594,0.14547944068908691,48,3.653554677963257
8,4,6,54,1.0990996360778809,408,0.10302233695983887,30,0.1200869083404541
8,5,7,64,1.2272334098815918,575,0.15585565567016602,0,0.013607263565063477
8,6,8,85,1.4736435413360596,752,0.1779346466064453,1518,20.156785488128662
8,7,9,65,1.4591038227081299,394,0.11648249626159668,4,3.3627114295959473
8,8,10,84,1.5366215705871582,653,0.16322755813598633,0,0.01110386848449707
9,1,3,25,0.4598703384399414,185,0.05812549591064453,5,0.0359954833984375
9,2,4,37,0.6659319400787354,314,0.07745003700256348,14,0.08988094329833984
9,3,5,60,1.0241174697875977,411,0.09847664833068848,102,0.76739501953125
9,4,6,63,1.0953195095062256,524,0.12569546699523926,116,5.955052375793457
9,5,7,63,1.332409381866455,485,0.12584900856018066,54,2.0663888454437256
9,6,8,69,1.3358736038208008,457,0.13563776016235352,19,2.1950278282165527
9,7,9,96,1.532855749130249,1052,0.25830841064453125,224,690.9202966690063
9,8,10,120,2.1311869621276855,1338,0.3615269660949707,1548,481.0712630748749
10,1,3,33,0.5479476451873779,310,0.0763692855834961,16,0.053055524826049805
10,2,4,26,0.646024227142334,134,0.0446476936340332,4,0.01954483985900879
10,3,5,63,0.9773232936859131,754,0.1835005283355713,39,3.59621262550354
10,4,6,54,1.0657908916473389,509,0.12717795372009277,29,0.9483292102813721
10,5,7,69,1.288874864578247,650,0.181640625,134,8.677384614944458
10,6,8,74,1.3711543083190918,588,0.1643669605255127,10,21.11003589630127
10,7,9,117,1.8807992935180664,1544,0.36087775230407715,0,0.19101977348327637
10,8,10,86,1.7632951736450195,694,0.2082056999206543,0,0.36277127265930176
11,1,3,28,0.506453275680542,231,0.06206798553466797,6,0.03784656524658203
11,2,4,42,0.7318460941314697,297,0.07563209533691406,12,0.1036527156829834
11,3,5,44,0.8399322032928467,345,0.0978841781616211,19,0.7625133991241455
11,4,6,55,1.091219425201416,479,0.11707496643066406,64,3.523794651031494
11,5,7,73,1.1937015056610107,827,0.18901896476745605,325,6.113957405090332
11,6,8,105,1.7322700023651123,967,0.2861812114715576,371,2.7002713680267334
11,7,9,87,1.540903091430664,886,0.23730945587158203,0,0.009007930755615234
11,8,10,92,1.722614049911499,785,0.19948101043701172,0,0.013396978378295898
12,1,3,19,0.46305322647094727,100,0.03894305229187012,2,0.010728597640991211
12,2,4,38,0.7477633953094482,304,0.07985353469848633,13,0.15156841278076172
12,3,5,55,1.0072143077850342,422,0.1363213062286377,11,0.2841649055480957
12,4,6,65,1.212677240371704,591,0.1466050148010254,128,1.535294771194458
12,5,7,65,1.2425720691680908,629,0.16063523292541504,38,0.5622985363006592
12,6,8,57,1.1344680786132812,387,0.13790082931518555,0,0.06343889236450195
12,7,9,77,1.4851536750793457,636,0.1631162166595459,66,6.016020774841309
12,8,10,98,1.7148144245147705,873,0.23208069801330566,0,20.35513949394226
13,1,3,28,0.5005319118499756,206,0.05022025108337402,7,0.027601957321166992
13,2,4,38,0.6788043975830078,306,0.0825338363647461,9,0.07792854309082031
13,3,5,37,0.8357532024383545,247,0.07105040550231934,11,0.1258106231689453
13,4,6,58,1.1363494396209717,518,0.11950373649597168,70,0.5559432506561279
13,5,7,80,1.3743116855621338,977,0.2539541721343994,136,44.57115602493286
13,6,8,95,1.6950383186340332,1359,0.31090760231018066,338,217.66594529151917
13,7,9,74,1.5663206577301025,574,0.16634583473205566,162,33.15957975387573
13,8,10,67,1.5687470436096191,394,0.11310434341430664,0,0.005690574645996094
14,1,3,25,0.5990200042724609,192,0.050881147384643555,5,0.028650283813476562
14,2,4,39,0.7379481792449951,295,0.08704710006713867,3,0.0789034366607666
14,3,5,60,1.05668044090271,745,0.15884661674499512,168,3.439354658126831
14,4,6,47,1.0747408866882324,332,0.08561396598815918,39,0.971992015838623
14,5,7,76,1.4625589847564697,765,0.2203221321105957,49,7.66225266456604
14,6,8,78,1.499729871749878,617,0.15321755409240723,84,20.470756769180298
14,7,9,119,2.0170774459838867,1440,0.3892850875854492,0,0.36622071266174316
14,8,10,85,1.6969356536865234,638,0.19577693939208984,204,5.677210092544556
15,1,3,17,0.4080846309661865,81,0.030821800231933594,2,0.005976200103759766
15,2,4,40,0.6538922786712646,348,0.07737874984741211,27,0.18915629386901855
15,3,5,37,0.7465739250183105,282,0.07438015937805176,10,0.11305117607116699
15,4,6,52,0.9996616840362549,367,0.09499907493591309,50,0.8141269683837891
15,5,7,76,1.3316848278045654,618,0.16727185249328613,57,2.6555209159851074
15,6,8,70,1.2673215866088867,596,0.14252424240112305,0,0.20276904106140137
15,7,9,92,1.6333072185516357,957,0.2451939582824707,1048,67.14735722541809
15,8,10,100,1.892920732498169,832,0.22520852088928223,561,1508.0994191169739
16,1,3,17,0.4552114009857178,92,0.02492380142211914,3,0.008162498474121094
16,2,4,33,0.7217597961425781,222,0.05705451965332031,7,0.08961629867553711
16,3,5,51,0.9837188720703125,377,0.0926826000213623,14,0.16867637634277344
16,4,6,41,0.8645243644714355,290,0.08079385757446289,18,0.296966552734375
16,5,7,82,1.4442877769470215,751,0.22443127632141113,0,0.02168107032775879
16,6,8,73,1.4289696216583252,697,0.17716097831726074,316,14.697538375854492
16,7,9,85,1.6560401916503906,749,0.20424532890319824,230,17.920568227767944
16,8,10,85,1.8389434814453125,711,0.19003796577453613,0,0.00869131088256836
17,1,3,27,0.47068357467651367,241,0.05683016777038574,13,0.04381275177001953
17,2,4,53,0.8321418762207031,762,0.17728137969970703,132,1.7925193309783936
17,3,5,40,0.8669533729553223,237,0.08654928207397461,10,0.06024456024169922
17,4,6,49,0.9309234619140625,367,0.10083961486816406,9,0.3465261459350586
17,5,7,96,1.531172752380371,1230,0.33855485916137695,0,0.018024444580078125
17,6,8,71,1.3310797214508057,551,0.1441347599029541,32,35.1289336681366
17,7,9,66,1.3973441123962402,458,0.130096435546875,35,0.6670475006103516
17,8,10,92,1.7049975395202637,764,0.19611406326293945,0,0.007285594940185547
18,1,3,35,0.5669455528259277,359,0.07874488830566406,15,0.08702969551086426
18,2,4,25,0.5521788597106934,128,0.04099440574645996,3,0.013574838638305664
18,3,5,61,0.9074454307556152,725,0.1565248966217041,36,2.125276803970337
18,4,6,54,1.0471611022949219,457,0.126664400100708,45,1.6810083389282227
18,5,7,65,1.222536563873291,578,0.14580488204956055,0,0.006511211395263672
18,6,8,82,1.3481628894805908,718,0.20117759704589844,0,0.009695291519165039
18,7,9,92,1.6990349292755127,820,0.2199110984802246,548,179.89752101898193
18,8,10,91,1.7634453773498535,854,0.2229306697845459,288,110.94104933738708
19,1,3,39,0.6561124324798584,366,0.1043398380279541,16,0.08845639228820801
19,2,4,32,0.6675734519958496,246,0.06516647338867188,8,0.03821825981140137
19,3,5,63,1.0011143684387207,639,0.14417648315429688,88,2.2082293033599854
19,4,6,51,0.9899888038635254,412,0.11373090744018555,48,1.943265676498413
19,5,7,66,1.205049991607666,572,0.18621087074279785,46,7.838281631469727
19,6,8,109,1.821474552154541,1604,0.38296985626220703,0,0.013137102127075195
19,7,9,91,1.6260111331939697,705,0.17447710037231445,308,8.480392932891846
19,8,10,154,2.3955447673797607,2140,0.5388619899749756,0,64.6538348197937
20,1,3,33,0.6849830150604248,287,0.0980215072631836,6,0.03857707977294922
20,2,4,43,0.7815871238708496,312,0.09227681159973145,5,0.13789653778076172
20,3,5,50,0.81667160987854,440,0.10365629196166992,88,0.32479381561279297
20,4,6,84,1.4094805717468262,1054,0.2532467842102051,630,29.74743151664734
20,5,7,75,1.397688865661621,616,0.20300030708312988,0,0.07857608795166016
20,6,8,99,1.619521141052246,1083,0.27308130264282227,0,0.033097028732299805
20,7,9,93,1.6647343635559082,859,0.21591711044311523,0,0.011682271957397461
20,8,10,93,1.7795944213867188,740,0.21092009544372559,113,46.376609086990356
21,1,3,21,0.46152234077453613,140,0.03820204734802246,4,0.014363765716552734
21,2,4,40,0.7064590454101562,372,0.08529472351074219,30,0.3808000087738037
21,3,5,32,0.767972469329834,192,0.05581498146057129,8,0.07340359687805176
21,4,6,43,0.8578677177429199,276,0.07666277885437012,8,0.0920262336730957
21,5,7,44,1.0513343811035156,282,0.07028532028198242,0,0.006784200668334961
21,6,8,72,1.442901611328125,612,0.15124893188476562,180,5.823961496353149
21,7,9,69,1.4433155059814453,427,0.12026572227478027,63,14.650371313095093
21,8,10,101,1.8829267024993896,770,0.22198200225830078,0,0.07053756713867188
22,1,3,34,0.46355152130126953,305,0.09115195274353027,5,0.04915571212768555
22,2,4,29,0.6229321956634521,206,0.058502197265625,6,0.10724973678588867
22,3,5,38,0.7385711669921875,254,0.06551909446716309,16,0.18285870552062988
22,4,6,75,1.329408884048462,977,0.2652862071990967,0,0.026604652404785156
22,5,7,80,1.3742754459381104,707,0.1745743751525879,186,17.946813106536865
22,6,8,73,1.3747084140777588,499,0.13723444938659668,0,0.013737201690673828
22,7,9,106,1.8052635192871094,1131,0.3209190368652344,3367,49.680136919021606
22,8,10,120,2.064110279083252,1226,0.3315420150756836,0,0.014360666275024414
23,1,3,25,0.4299163818359375,185,0.04787087440490723,10,0.017180442810058594
23,2,4,38,0.7013504505157471,329,0.08776736259460449,31,0.2710433006286621
23,3,5,61,1.0150566101074219,624,0.17271757125854492,58,0.4418790340423584
23,4,6,92,1.3644311428070068,1085,0.23578286170959473,312,8.617300510406494
23,5,7,78,1.365196943283081,806,0.18580889701843262,616,77.74547743797302
23,6,8,94,1.6539859771728516,832,0.2211289405822754,224,3.9248950481414795
23,7,9,110,1.8804073333740234,1180,0.28068971633911133,1628,488.3756332397461
23,8,10,95,1.8850111961364746,796,0.22210407257080078,594,97.73477697372437
24,1,3,27,0.5230965614318848,191,0.06064796447753906,4,0.017915010452270508
24,2,4,29,0.6483545303344727,204,0.06089615821838379,7,0.049228668212890625
24,3,5,32,0.7295324802398682,199,0.06818199157714844,7,0.12104082107543945
24,4,6,50,1.1648945808410645,387,0.09514689445495605,82,1.1157481670379639
24,5,7,89,1.587050199508667,1184,0.302670955657959,330,64.70360350608826
24,6,8,119,1.9803612232208252,1324,0.3672165870666504,1110,37.63604497909546
24,7,9,74,1.4856524467468262,504,0.13689637184143066,0,0.012870550155639648
24,8,10,106,1.829509973526001,1022,0.281862735748291,440,153.3325924873352
25,1,3,40,0.6957521438598633,448,0.10859513282775879,24,0.10468459129333496
25,2,4,33,0.7030775547027588,220,0.06154513359069824,8,0.08939862251281738
25,3,5,53,0.9118952751159668,574,0.15876507759094238,21,0.7148842811584473
25,4,6,72,1.3451833724975586,871,0.20561456680297852,162,26.992862462997437
25,5,7,61,1.2091262340545654,490,0.13603973388671875,72,1.7727787494659424
25,6,8,65,1.3049352169036865,505,0.11899471282958984,118,8.1852548122406
25,7,9,90,1.6826598644256592,974,0.2681436538696289,556,25.365376949310303
25,8,10,93,1.9047431945800781,769,0.2098865509033203,0,0.025715112686157227
26,1,3,26,0.439577579498291,200,0.05261564254760742,5,0.023134231567382812
26,2,4,42,0.8101999759674072,370,0.0962364673614502,6,0.28098320960998535
26,3,5,67,1.0740997791290283,952,0.2359762191772461,174,4.261794090270996
26,4,6,58,1.0665462017059326,508,0.14470672607421875,67,2.418844699859619
26,5,7,66,1.317030906677246,496,0.13921117782592773,40,5.555123329162598
26,6,8,94,1.5603711605072021,748,0.23368382453918457,240,6.195493936538696
26,7,9,109,1.8230235576629639,880,0.25847744941711426,1632,30.987210512161255
26,8,10,106,1.8765625953674316,971,0.2527785301208496,2008,90.69263958930969
27,1,3,30,0.5790073871612549,232,0.064788818359375,6,0.04009652137756348
27,2,4,38,0.7333381175994873,311,0.08945441246032715,14,0.1145937442779541
27,3,5,52,0.9617829322814941,460,0.10874390602111816,28,0.46663784980773926
27,4,6,48,1.0732526779174805,258,0.07883715629577637,84,0.650545597076416
27,5,7,62,1.2421762943267822,453,0.1113123893737793,25,0.952613353729248
27,6,8,93,1.723672866821289,850,0.2532675266265869,434,32.48921990394592
27,7,9,93,1.701512336730957,870,0.2279796600341797,392,26.301106214523315
27,8,10,94,1.8824794292449951,741,0.21650123596191406,254,38.56009387969971
28,1,3,20,0.4814920425415039,126,0.03682374954223633,4,0.011664390563964844
28,2,4,40,0.7731072902679443,311,0.0812983512878418,10,0.045046091079711914
28,3,5,38,0.7733900547027588,275,0.06999993324279785,18,0.08169007301330566
28,4,6,46,0.8508288860321045,353,0.09078311920166016,17,1.0861482620239258
28,5,7,58,1.222583532333374,504,0.12431621551513672,0,0.01112055778503418
28,6,8,73,1.4600706100463867,623,0.1550140380859375,0,0.03729677200317383
28,7,9,89,1.621661901473999,692,0.17374634742736816,180,35.4597864151001
28,8,10,111,1.9401724338531494,1171,0.3456435203552246,3236,802.535790681839
29,1,3,20,0.44992518424987793,122,0.03440284729003906,2,0.009674310684204102
29,2,4,29,0.6433022022247314,174,0.05360555648803711,10,0.043991804122924805
29,3,5,35,0.8131844997406006,233,0.059580087661743164,8,0.18347930908203125
29,4,6,62,1.1704139709472656,491,0.1289386749267578,89,1.4797399044036865
29,5,7,60,1.2421009540557861,474,0.13003253936767578,42,8.619450569152832
29,6,8,70,1.4169611930847168,566,0.16309285163879395,116,1.3305447101593018
29,7,9,75,1.5383086204528809,572,0.16129660606384277,72,69.45534706115723
29,8,10,114,2.0591790676116943,1085,0.3192718029022217,1536,225.93197011947632
30,1,3,39,0.711245059967041,442,0.11050152778625488,21,0.11587047576904297
30,2,4,48,0.8788223266601562,384,0.10307025909423828,12,0.27524304389953613
30,3,5,39,0.8646323680877686,270,0.06924986839294434,12,0.2678959369659424
30,4,6,64,1.112062692642212,579,0.14620399475097656,64,2.9689276218414307
30,5,7,80,1.342499017715454,798,0.20648884773254395,866,10.038031101226807
30,6,8,82,1.5102729797363281,779,0.20249271392822266,0,0.012197017669677734
30,7,9,94,1.7168760299682617,954,0.23798704147338867,2584,172.6969072818756
30,8,10,74,1.6564404964447021,524,0.13469958305358887,0,0.0074634552001953125
31,1,3,35,0.5970742702484131,327,0.08936357498168945,5,0.0633537769317627
31,2,4,32,0.6603813171386719,204,0.060097694396972656,4,0.0281064510345459
31,3,5,41,0.8518619537353516,343,0.09136176109313965,18,0.300886869430542
31,4,6,52,1.0240705013275146,386,0.10043501853942871,20,0.21732473373413086
31,5,7,81,1.4315552711486816,740,0.22491002082824707,224,4.852987766265869
31,6,8,105,1.7120609283447266,1326,0.37222981452941895,0,0.02968621253967285
31,7,9,121,2.0007684230804443,1613,0.45116233825683594,12944,626.624217748642
31,8,10,95,1.885918378829956,721,0.18174409866333008,0,0.00887155532836914
32,1,3,23,0.5010638236999512,166,0.04483675956726074,6,0.02222418785095215
32,2,4,35,0.6821193695068359,255,0.06792688369750977,5,0.06220746040344238
32,3,5,65,1.1965577602386475,863,0.21345734596252441,62,3.047063112258911
32,4,6,45,1.0035555362701416,281,0.07921433448791504,14,0.6075797080993652
32,5,7,84,1.4773731231689453,965,0.2262592315673828,184,21.397254943847656
32,6,8,71,1.421600103378296,581,0.15501737594604492,80,2.455578565597534
32,7,9,84,1.6927037239074707,779,0.19882678985595703,1360,652.0672829151154
32,8,10,71,1.5637314319610596,508,0.12439203262329102,0,0.02007126808166504
33,1,3,23,0.4655282497406006,169,0.04636740684509277,5,0.019405126571655273
33,2,4,37,0.7083368301391602,364,0.08145833015441895,14,0.1477949619293213
33,3,5,38,0.6616315841674805,256,0.0632944107055664,15,0.12408566474914551
33,4,6,51,1.076319932937622,363,0.09433913230895996,10,0.33205580711364746
33,5,7,63,1.2089412212371826,454,0.1321408748626709,92,0.4421100616455078
33,6,8,89,1.5099122524261475,747,0.18178606033325195,196,9.427135705947876
33,7,9,106,1.8259773254394531,1043,0.28049755096435547,600,316.2824013233185
33,8,10,83,1.8118548393249512,652,0.1972651481628418,176,85.9748113155365
34,1,3,29,0.5507855415344238,252,0.05945229530334473,10,0.03613877296447754
34,2,4,44,0.7784757614135742,345,0.08751416206359863,20,0.1754136085510254
34,3,5,40,0.8363814353942871,261,0.0693507194519043,5,0.08692669868469238
34,4,6,51,0.9836583137512207,411,0.10241246223449707,22,1.1204400062561035
34,5,7,49,1.178640604019165,336,0.09096860885620117,19,0.934718132019043
34,6,8,78,1.4977340698242188,725,0.18967056274414062,96,135.7066731452942
34,7,9,87,1.631498098373413,701,0.18888235092163086,0,0.009552955627441406
34,8,10,83,1.7609672546386719,595,0.15507054328918457,0,0.19185900688171387
35,1,3,24,0.529043436050415,168,0.04859757423400879,6,0.01951313018798828
35,2,4,33,0.6634483337402344,270,0.06762361526489258,31,0.12314105033874512
35,3,5,31,0.8048758506774902,158,0.04666876792907715,7,0.036224365234375
35,4,6,39,0.9431540966033936,218,0.06485843658447266,8,0.30663514137268066
35,5,7,56,1.1812446117401123,479,0.11560392379760742,33,2.869861364364624
35,6,8,82,1.564030647277832,780,0.21957182884216309,156,367.1117422580719
35,7,9,80,1.5580353736877441,752,0.19365620613098145,40,35.31355166435242
35,8,10,86,1.767930030822754,686,0.17483258247375488,248,37.34845471382141
36,1,3,30,0.5817272663116455,222,0.06954383850097656,7,0.02714228630065918
36,2,4,28,0.6637494564056396,176,0.053205013275146484,9,0.04243350028991699
36,3,5,51,0.8384988307952881,415,0.09786009788513184,54,1.2677650451660156
36,4,6,45,0.9319963455200195,320,0.08422088623046875,22,0.25574684143066406
36,5,7,66,1.240544080734253,501,0.13103127479553223,46,4.115154027938843
36,6,8,77,1.4568428993225098,604,0.15027260780334473,0,0.01204228401184082
36,7,9,107,1.5862717628479004,1000,0.27424168586730957,304,204.03630948066711
36,8,10,112,1.9885118007659912,1374,0.32147979736328125,0,0.0206146240234375
37,1,3,18,0.4867541790008545,88,0.03285861015319824,3,0.005780935287475586
37,2,4,28,0.6529667377471924,192,0.04997086524963379,5,0.04028916358947754
37,3,5,39,0.7869729995727539,276,0.07381749153137207,9,0.1813061237335205
37,4,6,65,1.1767990589141846,552,0.13317656517028809,108,3.0244557857513428
37,5,7,54,1.2179796695709229,408,0.10941123962402344,18,2.0694518089294434
37,6,8,68,1.2661645412445068,521,0.14295649528503418,68,2.975454807281494
37,7,9,101,1.7803316116333008,1025,0.24462127685546875,0,1.4358904361724854
37,8,10,128,2.2016477584838867,1495,0.42853307723999023,8793,364.66667914390564
38,1,3,16,0.4335784912109375,78,0.023196697235107422,3,0.0067043304443359375
38,2,4,32,0.6337869167327881,238,0.06280684471130371,13,0.06280922889709473
38,3,5,38,0.8071062564849854,296,0.06823134422302246,8,0.16989374160766602
38,4,6,53,1.0694222450256348,437,0.10254526138305664,60,0.4243581295013428
38,5,7,58,1.1798179149627686,374,0.09860062599182129,120,0.8200414180755615
38,6,8,74,1.411853313446045,681,0.16837024688720703,0,0.009568452835083008
38,7,9,115,1.8884928226470947,1346,0.35462331771850586,7308,2533.876832008362
38,8,10,79,1.7044928073883057,558,0.1571335792541504,180,42.059072732925415
39,1,3,30,0.5292773246765137,300,0.06477808952331543,19,0.058672428131103516
39,2,4,55,0.88027024269104,602,0.13184642791748047,52,1.0735726356506348
39,3,5,45,0.8370473384857178,323,0.0848085880279541,36,0.17416095733642578
39,4,6,61,1.2189617156982422,515,0.15282559394836426,48,0.3672451972961426
39,5,7,77,1.3491873741149902,699,0.19765067100524902,140,10.822919130325317
39,6,8,62,1.280998945236206,361,0.1049356460571289,0,0.06396079063415527
39,7,9,108,1.8780674934387207,1083,0.2731175422668457,0,0.023460865020751953
39,8,10,124,1.9804611206054688,1174,0.3272130489349365,2532,698.3715076446533
40,1,3,26,0.5748238563537598,197,0.04838085174560547,7,0.020516157150268555
40,2,4,35,0.7358500957489014,208,0.06538558006286621,4,0.023989439010620117
40,3,5,43,0.8872184753417969,336,0.0872657299041748,51,0.2869596481323242
40,4,6,41,0.9320869445800781,229,0.0653069019317627,0,0.005707979202270508
40,5,7,55,1.1162693500518799,342,0.10881853103637695,14,0.4639308452606201
40,6,8,49,1.1767547130584717,255,0.06921720504760742,6,0.3014976978302002
40,7,9,70,1.5589675903320312,497,0.13352560997009277,0,0.00871896743774414
40,8,10,97,1.9488482475280762,854,0.23609519004821777,384,183.3018684387207
41,1,3,19,0.4216005802154541,112,0.03442740440368652,3,0.009698152542114258
41,2,4,27,0.5318233966827393,157,0.045436859130859375,2,0.0264432430267334
41,3,5,49,0.8836274147033691,436,0.10105609893798828,64,0.7993588447570801
41,4,6,58,1.0881555080413818,518,0.14335393905639648,58,3.1534154415130615
41,5,7,66,1.2952184677124023,536,0.13439655303955078,40,13.491936683654785
41,6,8,95,1.8275833129882812,911,0.26827049255371094,628,908.3790693283081
41,7,9,97,1.7643218040466309,807,0.2038264274597168,384,53.19064259529114
41,8,10,133,2.1708691120147705,1203,0.3368232250213623,0,0.01354074478149414
42,1,3,29,0.5233356952667236,253,0.07541251182556152,6,0.03630948066711426
42,2,4,41,0.7972681522369385,368,0.0993494987487793,6,0.0864717960357666
42,3,5,39,0.8155970573425293,266,0.07445836067199707,12,0.08233046531677246
42,4,6,74,1.2264323234558105,751,0.17869281768798828,204,20.07135033607483
42,5,7,71,1.3130640983581543,686,0.15534448623657227,212,4.895785808563232
42,6,8,77,1.5273816585540771,706,0.18145036697387695,0,0.012773275375366211
42,7,9,94,1.7499268054962158,898,0.2259814739227295,0,2.0974886417388916
42,8,10,88,1.758606195449829,796,0.2049412727355957,0,0.011162519454956055
43,1,3,37,0.6018316745758057,424,0.09456777572631836,26,0.1235201358795166
43,2,4,39,0.6876857280731201,369,0.08186745643615723,23,0.25619053840637207
43,3,5,51,0.8823659420013428,400,0.11427950859069824,8,0.10412240028381348
43,4,6,71,1.216130018234253,524,0.1545712947845459,32,1.9139719009399414
43,5,7,58,1.2267684936523438,361,0.09258437156677246,44,4.599142551422119
43,6,8,83,1.4771287441253662,666,0.18631243705749512,0,0.12415289878845215
43,7,9,78,1.3472552299499512,700,0.17093873023986816,0,0.0709381103515625
43,8,10,91,1.6912732124328613,751,0.2042548656463623,204,30.242023229599
44,1,3,23,0.49211812019348145,141,0.04397296905517578,3,0.012213706970214844
44,2,4,49,0.8276491165161133,442,0.13141560554504395,6,0.2433149814605713
44,3,5,44,0.8654501438140869,384,0.08860445022583008,12,0.2650599479675293
44,4,6,68,1.1787948608398438,588,0.1634988784790039,20,4.720663785934448
44,5,7,70,1.3186817169189453,621,0.14927124977111816,32,6.786633253097534
44,6,8,88,1.5138187408447266,887,0.22928977012634277,876,21.30546283721924
44,7,9,101,1.7402522563934326,943,0.2250690460205078,1904,40.760899782180786
44,8,10,72,1.6144506931304932,504,0.12990570068359375,0,0.17122793197631836
45,1,3,22,0.4094111919403076,152,0.04053902626037598,5,0.016293048858642578
45,2,4,32,0.6363413333892822,198,0.05824136734008789,5,0.03801560401916504
45,3,5,55,0.979536771774292,550,0.13002562522888184,22,0.22778987884521484
45,4,6,58,1.1374177932739258,554,0.13126063346862793,132,1.657120943069458
45,5,7,71,1.3712141513824463,556,0.13889026641845703,0,0.06842350959777832
45,6,8,89,1.5276446342468262,878,0.2741549015045166,84,32.553181409835815
45,7,9,68,1.4471216201782227,472,0.12876415252685547,0,0.008282661437988281
45,8,10,91,1.6355674266815186,796,0.21277141571044922,544,223.69472646713257
46,1,3,35,0.6267757415771484,363,0.09711551666259766,17,0.08369183540344238
46,2,4,35,0.7163510322570801,238,0.06869029998779297,10,0.0815579891204834
46,3,5,47,0.9655325412750244,274,0.08079314231872559,6,0.1005244255065918
46,4,6,66,1.2163097858428955,590,0.1465613842010498,0,0.009431600570678711
46,5,7,87,1.4472260475158691,766,0.19105839729309082,0,0.025665283203125
46,6,8,83,1.4655396938323975,795,0.19590449333190918,362,293.79039001464844
46,7,9,80,1.6424942016601562,638,0.18021297454833984,460,133.9461305141449
46,8,10,157,2.6205828189849854,2247,0.5879762172698975,54384,49037.10014820099
47,1,3,29,0.6032314300537109,242,0.07491445541381836,8,0.025187253952026367
47,2,4,34,0.5607378482818604,254,0.06968021392822266,8,0.12349486351013184
47,3,5,70,1.3080766201019287,798,0.1925182342529297,88,7.750866413116455
47,4,6,55,1.192030906677246,423,0.11916303634643555,18,0.3439829349517822
47,5,7,73,1.6010804176330566,775,0.2469010353088379,366,37.91255855560303
47,6,8,76,1.6198508739471436,578,0.18485021591186523,52,13.697096586227417
47,7,9,96,1.9237067699432373,827,0.2165234088897705,2836,32.803420066833496
47,8,10,122,2.3694205284118652,1310,0.35326099395751953,9700,7525.423251152039
48,1,3,24,0.527334451675415,166,0.046363115310668945,6,0.021803855895996094
48,2,4,51,0.8821032047271729,457,0.1175837516784668,23,0.2090764045715332
48,3,5,45,0.9619131088256836,323,0.0843503475189209,7,0.19431686401367188
48,4,6,54,1.1540517807006836,460,0.11801743507385254,152,3.9182777404785156
48,5,7,60,1.290186882019043,457,0.13009357452392578,0,0.00995016098022461
48,6,8,97,1.8325655460357666,1014,0.28691720962524414,396,129.68697333335876
48,7,9,92,1.8643667697906494,826,0.21264100074768066,0,0.6607539653778076
48,8,10,134,2.5213334560394287,1352,0.38036060333251953,0,0.03864455223083496
49,1,3,32,0.6159224510192871,238,0.07431149482727051,6,0.024269580841064453
49,2,4,42,0.8376779556274414,420,0.09830188751220703,37,0.16609549522399902
49,3,5,48,1.0285217761993408,377,0.08575749397277832,30,0.10768818855285645
49,4,6,65,1.2970423698425293,502,0.14160537719726562,104,4.33417820930481
49,5,7,76,1.4973766803741455,743,0.18955516815185547,0,0.026734113693237305
49,6,8,110,2.028052806854248,1271,0.30961179733276367,889,106.71324157714844
49,7,9,67,1.6585240364074707,503,0.12292337417602539,0,0.04174160957336426
49,8,10,88,1.9450993537902832,666,0.18352413177490234,0,0.025366544723510742
50,1,3,38,0.6752374172210693,405,0.09767866134643555,15,0.10797381401062012
50,2,4,31,0.6741385459899902,168,0.048829078674316406,8,0.039484500885009766
50,3,5,42,0.971144437789917,281,0.0789332389831543,8,0.2979755401611328
50,4,6,59,1.1714730262756348,465,0.1590261459350586,28,0.5447173118591309
50,5,7,69,1.4472756385803223,686,0.16445398330688477,254,10.41694450378418
50,6,8,73,1.5574524402618408,553,0.13761377334594727,232,35.160534381866455
50,7,9,112,2.138134002685547,1134,0.2979915142059326,0,0.16693568229675293
50,8,10,105,2.1077840328216553,941,0.2610189914703369,360,109.16109704971313
